{
  "version": 1,
  "matrix_type": "22_red_cover_6_to_5",
  "row_weights": {
    "3": 0.198155,
    "5": 0.257066,
    "4": 0.176733,
    "2": 0.175245,
    "1": 0.1928
  },
  "row_scores": {
    "3": 0.973684,
    "5": 1.263158,
    "4": 0.868421,
    "2": 0.861111,
    "1": 0.947368
  },
  "origin": "analyze_archive"
}