agent,all_time_score,recent_score,delta,weight_delta
balanced,10.028198,1.116386,-8.911812,0.0055
cold,8.227521,1.199996,-7.027525,0.0063
cycle,31.38318,5.646269,-25.736911,-0.0016
hot,34.76911,6.076804,-28.692306,-0.0028
missing,12.358068,1.502163,-10.855905,0.0047
random,11.874506,1.606321,-10.268185,0.0049
sum,44.027413,7.005045,-37.022368,-0.0063
zone,60.014327,12.236799,-47.777528,-0.0108
