agent,all_time_score,recent_score,delta,weight_delta
balanced,11.237105,2.809913,-8.427192,0.0055
cold,8.87259,2.491259,-6.381331,0.0065
cycle,32.876938,9.375197,-23.501741,-0.0016
hot,38.74112,12.854325,-25.886795,-0.0027
missing,15.002685,4.626345,-10.37634,0.0046
random,13.005788,3.544332,-9.461456,0.005
sum,48.71831,14.333324,-34.384986,-0.0067
zone,65.742528,23.23,-42.512528,-0.0105
