agent,all_time_score,recent_score,delta,weight_delta
balanced,12.262286,3.512014,-8.750272,0.0056
cold,9.759112,2.93506,-6.824052,0.0064
cycle,36.033654,10.998428,-25.035226,-0.0016
hot,44.832623,17.479999,-27.352624,-0.0026
missing,16.22519,5.84885,-10.37634,0.0048
random,14.200174,4.235894,-9.96428,0.005
sum,54.697783,17.675415,-37.022368,-0.0068
zone,75.437528,29.845,-45.592528,-0.0106
