{
  "version": 1,
  "matrix_type": "22_red_cover_6_to_5",
  "row_weights": {
    "3": 0.197158,
    "4": 0.175844,
    "5": 0.255773,
    "2": 0.182238,
    "1": 0.188988
  },
  "row_scores": {
    "3": 0.973684,
    "4": 0.868421,
    "5": 1.263158,
    "2": 0.9,
    "1": 0.933333
  },
  "origin": "analyze_archive"
}