agent,all_time_score,recent_score,delta,weight_delta
balanced,11.16646,1.904121,-9.262339,0.0054
cold,9.302417,2.274892,-7.027525,0.0064
cycle,36.894922,10.16109,-26.733832,-0.0016
hot,43.400965,13.574267,-29.826698,-0.0029
missing,13.410769,2.554864,-10.855905,0.0048
random,13.484201,3.148885,-10.335316,0.005
sum,49.388193,11.808052,-37.580141,-0.006
zone,72.677236,23.329708,-49.347528,-0.0108
