agent,all_time_score,recent_score,delta,weight_delta
balanced,12.048535,2.440665,-9.60787,0.0055
cold,9.049473,1.421029,-7.628444,0.0062
cycle,33.775364,5.541432,-28.233932,-0.0015
hot,46.699234,15.196435,-31.502799,-0.0027
missing,13.679804,1.981104,-11.6987,0.0047
random,13.713261,2.599659,-11.113602,0.0049
sum,55.785475,14.026691,-41.758784,-0.0065
zone,76.507264,23.06559,-53.441674,-0.0109
