{
  "version": 1,
  "matrix_type": "22_red_cover_6_to_5",
  "row_weights": {
    "3": 0.198836,
    "5": 0.257949,
    "2": 0.195701,
    "4": 0.17734,
    "1": 0.170175
  },
  "row_scores": {
    "3": 0.973684,
    "5": 1.263158,
    "2": 0.958333,
    "4": 0.868421,
    "1": 0.833333
  },
  "origin": "analyze_archive"
}