agent,all_time_score,recent_score,delta,weight_delta
balanced,14.060315,2.349623,-11.710692,0.0053
cold,9.164268,1.104997,-8.059271,0.0064
cycle,33.122863,2.257715,-30.865148,-0.0004
hot,49.052698,8.356841,-40.695857,-0.0033
missing,17.090097,3.449494,-13.640603,0.0047
random,14.380634,1.675571,-12.705063,0.005
sum,59.901599,7.502114,-52.399485,-0.0068
zone,82.035457,14.988193,-67.047264,-0.0112
