agent,all_time_score,recent_score,delta,weight_delta
balanced,13.780145,2.162431,-11.617714,0.0053
cold,8.499087,0.439816,-8.059271,0.0064
cycle,32.244197,1.379049,-30.865148,-0.0005
hot,48.466283,8.720906,-39.745377,-0.0032
missing,16.89922,3.258617,-13.640603,0.0047
random,13.906513,1.307818,-12.598695,0.005
sum,57.691657,6.036644,-51.655013,-0.0068
zone,79.839207,13.581943,-66.257264,-0.0112
