agent,all_time_score,recent_score,delta,weight_delta
balanced,14.905663,3.825095,-11.080568,0.0055
cold,9.923717,2.012688,-7.911029,0.0065
cycle,33.125593,2.500312,-30.625281,-0.0007
hot,52.002756,14.075664,-37.927092,-0.003
missing,17.060341,4.142608,-12.917733,0.0049
random,14.781264,2.526178,-12.255086,0.0051
sum,61.905611,11.514068,-50.391543,-0.007
zone,85.864868,22.717604,-63.147264,-0.011
