agent,all_time_score,recent_score,delta,weight_delta
balanced,13.730261,3.432713,-10.297548,0.0055
cold,9.529507,1.901063,-7.628444,0.0064
cycle,32.240604,2.205064,-30.03554,-0.0012
hot,51.529616,16.308452,-35.221164,-0.0029
missing,16.044394,3.786196,-12.258198,0.0048
random,13.80542,2.161125,-11.644295,0.0051
sum,59.335594,13.392987,-45.942607,-0.0066
zone,84.897264,25.87,-59.027264,-0.011
