agent,all_time_score,recent_score,delta,weight_delta
balanced,11.038973,1.667881,-9.371092,0.0056
cold,8.334947,1.167989,-7.166958,0.0065
cycle,31.993909,4.123948,-27.869961,-0.0018
hot,40.219432,10.042917,-30.176515,-0.0027
missing,12.657288,1.717506,-10.939782,0.005
random,12.361692,1.493798,-10.867894,0.005
sum,50.512158,10.679156,-39.833002,-0.0066
zone,66.622264,16.834736,-49.787528,-0.0106
