agent,all_time_score,recent_score,delta,weight_delta
balanced,13.028659,1.948091,-11.080568,0.0054
cold,9.139129,1.301935,-7.837194,0.0064
cycle,32.358287,1.8462,-30.512087,-0.0008
hot,45.894804,7.967712,-37.927092,-0.0031
missing,15.251544,2.333811,-12.917733,0.0048
random,13.431903,1.219826,-12.212077,0.005
sum,56.46048,6.98406,-49.47642,-0.0068
zone,77.179868,14.032604,-63.147264,-0.0111
