agent,all_time_score,recent_score,delta,weight_delta
balanced,10.48887,1.468305,-9.020565,0.0055
cold,8.462705,1.43518,-7.027525,0.0063
cycle,32.166429,5.906613,-26.259816,-0.0017
hot,37.776979,8.734856,-29.042123,-0.0028
missing,12.587173,1.731268,-10.855905,0.0047
random,12.186063,1.850747,-10.335316,0.0049
sum,45.066246,7.486105,-37.580141,-0.0064
zone,63.112236,14.894708,-48.217528,-0.0108
