agent,all_time_score,recent_score,delta,weight_delta
balanced,12.501059,2.554025,-9.947034,0.0056
cold,8.644339,1.015895,-7.628444,0.0064
cycle,31.180919,1.391004,-29.789915,-0.0014
hot,44.716536,10.940983,-33.775553,-0.0028
missing,14.557506,2.858806,-11.6987,0.005
random,13.065472,1.687124,-11.378348,0.0051
sum,53.43859,8.47748,-44.96111,-0.0067
zone,74.527264,17.67,-56.857264,-0.0109
