agent,all_time_score,recent_score,delta,weight_delta
balanced,13.15306,2.504998,-10.648062,0.0055
cold,8.643833,1.015389,-7.628444,0.0065
cycle,32.536755,2.024668,-30.512087,-0.001
hot,47.232135,9.995105,-37.23703,-0.0033
missing,15.261288,2.441146,-12.820142,0.0048
random,13.728325,1.761434,-11.966891,0.0051
sum,56.743597,8.920207,-47.82339,-0.0067
zone,76.712264,15.97,-60.742264,-0.011
