agent,all_time_score,recent_score,delta,weight_delta
balanced,11.86087,2.128591,-9.732279,0.0055
cold,8.188814,0.56037,-7.628444,0.0063
cycle,31.750343,3.410892,-28.339451,-0.0014
hot,42.904945,10.885273,-32.019672,-0.0028
missing,13.975159,2.276459,-11.6987,0.0048
random,13.108408,1.941579,-11.166829,0.005
sum,53.454961,11.521905,-41.933056,-0.0065
zone,69.557264,15.693881,-53.863383,-0.0109
