{
  "version": 1,
  "matrix_type": "22_red_cover_6_to_5",
  "row_weights": {
    "3": 0.19724,
    "5": 0.250235,
    "4": 0.175917,
    "2": 0.184697,
    "1": 0.19191
  },
  "row_scores": {
    "3": 0.973684,
    "5": 1.235294,
    "4": 0.868421,
    "2": 0.911765,
    "1": 0.947368
  },
  "origin": "analyze_archive"
}