{
  "version": 1,
  "matrix_type": "22_red_cover_6_to_5",
  "row_weights": {
    "3": 0.19613,
    "5": 0.251789,
    "4": 0.174927,
    "2": 0.186324,
    "1": 0.19083
  },
  "row_scores": {
    "3": 0.973684,
    "5": 1.25,
    "4": 0.868421,
    "2": 0.925,
    "1": 0.947368
  },
  "origin": "analyze_archive"
}