{
  "version": 1,
  "matrix_type": "22_red_cover_6_to_5",
  "row_weights": {
    "3": 0.196692,
    "5": 0.255168,
    "2": 0.233904,
    "1": 0.179563,
    "4": 0.134672
  },
  "row_scores": {
    "3": 0.973684,
    "5": 1.263158,
    "2": 1.157895,
    "1": 0.888889,
    "4": 0.666667
  },
  "origin": "analyze_archive"
}