{
  "version": 1,
  "matrix_type": "22_red_cover_6_to_5",
  "row_weights": {
    "3": 0.192169,
    "5": 0.249301,
    "2": 0.204954,
    "4": 0.171394,
    "1": 0.182181
  },
  "row_scores": {
    "3": 0.973684,
    "5": 1.263158,
    "2": 1.038462,
    "4": 0.868421,
    "1": 0.923077
  },
  "origin": "analyze_archive"
}