{
  "version": 1,
  "matrix_type": "22_red_cover_6_to_5",
  "row_weights": {
    "3": 0.18865,
    "5": 0.244735,
    "4": 0.168255,
    "2": 0.214808,
    "1": 0.183551
  },
  "row_scores": {
    "3": 0.973684,
    "5": 1.263158,
    "4": 0.868421,
    "2": 1.108696,
    "1": 0.947368
  },
  "origin": "analyze_archive"
}