{
  "version": 1,
  "matrix_type": "22_red_cover_6_to_5",
  "row_weights": {
    "3": 0.197358,
    "5": 0.256033,
    "4": 0.176022,
    "2": 0.178562,
    "1": 0.192024
  },
  "row_scores": {
    "3": 0.973684,
    "5": 1.263158,
    "4": 0.868421,
    "2": 0.880952,
    "1": 0.947368
  },
  "origin": "analyze_archive"
}