{
  "version": 1,
  "matrix_type": "22_red_cover_6_to_5",
  "row_weights": {
    "3": 0.188816,
    "5": 0.24495,
    "4": 0.168403,
    "2": 0.214119,
    "1": 0.183712
  },
  "row_scores": {
    "3": 0.973684,
    "5": 1.263158,
    "4": 0.868421,
    "2": 1.104167,
    "1": 0.947368
  },
  "origin": "analyze_archive"
}